symbol,contract_code,expiry_date
CL,Q26,2026-07-21
CL,U26,2026-08-20
CL,V26,2026-09-22
CL,X26,2026-10-20
CL,Z26,2026-11-20
CL,F27,2026-12-21
CL,G27,2027-01-20
CL,H27,2027-02-22
CL,J27,2027-03-22
CL,K27,2027-04-20
CL,M27,2027-05-20
CL,N27,2027-06-22
CL,Q27,2027-07-20
CL,U27,2027-08-20
CL,V27,2027-09-21
CL,X27,2027-10-20
CL,Z27,2027-11-19
CL,F28,2027-12-20
CL,G28,2028-01-20
CL,H28,2028-02-22
CL,J28,2028-03-21
CL,K28,2028-04-20
CL,M28,2028-05-22
CL,N28,2028-06-20
CL,Q28,2028-07-20
CL,U28,2028-08-22
CL,V28,2028-09-20
CL,X28,2028-10-20
CL,Z28,2028-11-20
CL,F29,2028-12-19
CL,G29,2029-01-22
CL,H29,2029-02-20
CL,J29,2029-03-20
CL,K29,2029-04-20
CL,M29,2029-05-22
CL,N29,2029-06-20
CL,Q29,2029-07-20
CL,U29,2029-08-21
CL,V29,2029-09-20
CL,X29,2029-10-22
CL,Z29,2029-11-19
CL,F30,2029-12-19
CL,G30,2030-01-22
CL,H30,2030-02-20
CL,J30,2030-03-20
CL,K30,2030-04-22
CL,M30,2030-05-21
CL,N30,2030-06-20
CL,Q30,2030-07-22
CL,U30,2030-08-20
CL,V30,2030-09-20
CL,X30,2030-10-22
CL,Z30,2030-11-20
CL,F31,2030-12-19
CL,G31,2031-01-21
CL,H31,2031-02-20
CL,J31,2031-03-20
CL,K31,2031-04-22
CL,M31,2031-05-20
CL,N31,2031-06-20
CL,Q31,2031-07-22
CL,U31,2031-08-20
CL,V31,2031-09-22
CL,X31,2031-10-21
CL,Z31,2031-11-20
CL,F32,2031-12-19
CL,G32,2032-01-20
CL,H32,2032-02-20
CL,J32,2032-03-22
CL,K32,2032-04-20
CL,M32,2032-05-20
CL,N32,2032-06-22
CL,Q32,2032-07-20
CL,U32,2032-08-20
CL,V32,2032-09-21
CL,X32,2032-10-20
CL,Z32,2032-11-19
CL,F33,2032-12-20
CL,G33,2033-01-20
CL,H33,2033-02-22
CL,J33,2033-03-22
CL,K33,2033-04-20
CL,M33,2033-05-20
CL,N33,2033-06-21
CL,Q33,2033-07-20
CL,U33,2033-08-22
CL,V33,2033-09-20
CL,X33,2033-10-20
CL,Z33,2033-11-21
CL,F34,2033-12-20
CL,G34,2034-01-20
CL,H34,2034-02-21
CL,J34,2034-03-21
CL,K34,2034-04-20
CL,M34,2034-05-22
CL,N34,2034-06-20
CL,Q34,2034-07-20
CL,U34,2034-08-22
CL,V34,2034-09-20
CL,X34,2034-10-20
CL,Z34,2034-11-20
CL,F35,2034-12-19
CL,G35,2035-01-22
CL,H35,2035-02-20
CL,J35,2035-03-19
CL,K35,2035-04-20
CL,M35,2035-05-22
CL,N35,2035-06-20
CL,Q35,2035-07-20
CL,U35,2035-08-21
CL,V35,2035-09-20
CL,X35,2035-10-22
CL,Z35,2035-11-19
CL,F36,2035-12-19
CL,G36,2036-01-22
CL,H36,2036-02-20
CL,J36,2036-03-20
CL,K36,2036-04-22
CL,M36,2036-05-20
CL,N36,2036-06-20
CL,Q36,2036-07-22
CL,U36,2036-08-20
CL,V36,2036-09-22
CL,X36,2036-10-21
CL,Z36,2036-11-20
CL,F37,2036-12-19
CL,G37,2037-01-20
CO,U26,2026-07-31
CO,V26,2026-08-28
CO,X26,2026-09-30
CO,Z26,2026-10-30
CO,F27,2026-11-30
CO,G27,2026-12-30
CO,H27,2027-01-29
CO,J27,2027-02-26
CO,K27,2027-03-31
CO,M27,2027-04-30
CO,N27,2027-05-28
CO,Q27,2027-06-30
CO,U27,2027-07-30
CO,V27,2027-08-31
CO,X27,2027-09-30
CO,Z27,2027-10-29
CO,F28,2027-11-30
CO,G28,2027-12-30
CO,H28,2028-01-31
CO,J28,2028-02-29
CO,K28,2028-03-31
CO,M28,2028-04-28
CO,N28,2028-05-31
CO,Q28,2028-06-30
CO,U28,2028-07-31
CO,V28,2028-08-31
CO,X28,2028-09-29
CO,Z28,2028-10-31
CO,F29,2028-11-30
CO,G29,2028-12-28
CO,H29,2029-01-31
CO,J29,2029-02-28
CO,K29,2029-03-29
CO,M29,2029-04-30
CO,N29,2029-05-31
CO,Q29,2029-06-29
CO,U29,2029-07-31
CO,V29,2029-08-31
CO,X29,2029-09-28
CO,Z29,2029-10-31
CO,F30,2029-11-30
CO,G30,2029-12-28
CO,H30,2030-01-31
CO,J30,2030-02-28
CO,K30,2030-03-29
CO,M30,2030-04-30
CO,N30,2030-05-31
CO,Q30,2030-06-28
CO,U30,2030-07-31
CO,V30,2030-08-30
CO,X30,2030-09-30
CO,Z30,2030-10-31
CO,F31,2030-11-29
CO,G31,2030-12-30
CO,H31,2031-01-31
CO,J31,2031-02-28
CO,K31,2031-03-31
CO,M31,2031-04-30
CO,N31,2031-05-30
CO,Q31,2031-06-30
CO,U31,2031-07-31
CO,V31,2031-08-29
CO,X31,2031-09-30
CO,Z31,2031-10-31
CO,F32,2031-11-28
CO,G32,2031-12-30
CO,H32,2032-01-30
CO,J32,2032-02-27
CO,K32,2032-03-31
CO,M32,2032-04-30
CO,N32,2032-05-28
CO,Q32,2032-06-30
CO,U32,2032-07-30
CO,V32,2032-08-31
CO,X32,2032-09-30
CO,Z32,2032-10-29
CO,F33,2032-11-30
CO,G33,2032-12-30
CO,H33,2033-01-31
CO,J33,2033-02-28
CO,K33,2033-03-31
CO,M33,2033-04-29
CO,N33,2033-05-31
CO,Q33,2033-06-30
CO,U33,2033-07-29
CO,V33,2033-08-31
CO,X33,2033-09-30
CO,Z33,2033-10-31
CO,F34,2033-11-30
CO,G34,2033-12-29
CO,H34,2034-01-31
CO,J34,2034-02-28
CO,K34,2034-03-31
CO,M34,2034-04-28
CO,N34,2034-05-31
CO,Q34,2034-06-30
CO,U34,2034-07-31
CO,V34,2034-08-31
CO,X34,2034-09-29
CO,Z34,2034-10-31
CO,F35,2034-11-30
CO,G35,2034-12-28
CO,H35,2035-01-31
CO,J35,2035-02-28
CO,K35,2035-03-30
CO,M35,2035-04-30
CO,N35,2035-05-31
CO,Q35,2035-06-29
CO,U35,2035-07-31
CO,V35,2035-08-31
CO,X35,2035-09-28
CO,Z35,2035-10-31
CO,F36,2035-11-30
CO,G36,2035-12-28
CO,H36,2036-01-31
CO,J36,2036-02-29
CO,K36,2036-03-31
CO,M36,2036-04-30
CO,N36,2036-05-30
CO,Q36,2036-06-30
CO,U36,2036-07-31
CO,V36,2036-08-29
CO,X36,2036-09-30
CO,Z36,2036-10-31
CO,F37,2036-11-28
CO,G37,2036-12-30
CO,H37,2037-01-30
CO,J37,2037-02-27
CO,K37,2037-03-31
CO,M37,2037-04-30
CO,N37,2037-05-29
CO,Q37,2037-06-30
CO,U37,2037-07-31
CO,V37,2037-08-28
CO,X37,2037-09-30
CO,Z37,2037-10-30
CO,F38,2037-11-30
CO,G38,2037-12-30
CO,H38,2038-01-29
CO,J38,2038-02-26
CO,K38,2038-03-31
CO,M38,2038-04-30
CO,N38,2038-05-28
CO,Q38,2038-06-30
CO,U38,2038-07-30
CO,V38,2038-08-31
CO,X38,2038-09-30
CO,Z38,2038-10-29
CO,F39,2038-11-30
CO,G39,2038-12-30
CO,H39,2039-01-31
G,U26,2026-10-09
G,Z26,2026-10-12
G,Q26,2026-12-08
G,V26,2026-12-10
G,X26,2026-12-11
G,M27,2027-10-06
G,U27,2027-10-09
G,Z27,2027-10-12
G,G27,2027-11-02
G,H27,2027-11-03
G,X27,2027-11-11
G,F27,2027-12-01
G,J27,2027-12-04
G,K27,2027-12-05
G,N27,2027-12-07
G,Q27,2027-12-08
G,V27,2027-12-10
G,G28,2028-10-02
G,H28,2028-10-03
G,Q28,2028-10-08
G,X28,2028-10-11
G,K28,2028-11-05
G,F28,2028-12-01
G,J28,2028-12-04
G,M28,2028-12-06
G,N28,2028-12-07
G,U28,2028-12-09
G,V28,2028-12-10
G,Z28,2028-12-12
G,K29,2029-10-05
G,Q29,2029-10-08
G,F29,2029-11-01
G,V29,2029-11-10
G,G29,2029-12-02
G,H29,2029-12-03
G,J29,2029-12-04
G,M29,2029-12-06
G,N29,2029-12-07
G,U29,2029-12-09
G,X29,2029-12-11
G,Z29,2029-12-12
G,F30,2030-10-01
G,K30,2030-10-05
G,V30,2030-10-10
G,J30,2030-11-04
G,N30,2030-11-07
G,G30,2030-12-02
G,H30,2030-12-03
G,M30,2030-12-06
G,Q30,2030-12-08
G,U30,2030-12-09
G,X30,2030-12-11
G,Z30,2030-12-12
G,J31,2031-09-04
G,F31,2031-10-01
G,N31,2031-10-07
G,V31,2031-10-10
G,U31,2031-11-09
G,Z31,2031-11-12
G,G31,2031-12-02
G,H31,2031-12-03
G,K31,2031-12-05
G,M31,2031-12-06
G,Q31,2031-12-08
G,X31,2031-12-11
G,M32,2032-10-06
G,U32,2032-10-09
G,Z32,2032-10-12
G,H32,2032-11-03
G,X32,2032-11-11
G,F32,2032-12-01
G,G32,2032-12-02
G,J32,2032-12-04
G,K32,2032-12-05
G,N32,2032-12-07
G,Q32,2032-12-08
G,V32,2032-12-10
GC,Q26,2026-08-27
GC,U26,2026-09-28
GC,V26,2026-10-28
GC,X26,2026-11-25
GC,Z26,2026-12-29
GC,F27,2027-01-27
GC,G27,2027-02-24
GC,H27,2027-03-29
GC,J27,2027-04-28
GC,K27,2027-05-26
GC,M27,2027-06-28
GC,N27,2027-07-28
GC,Q27,2027-08-27
GC,U27,2027-09-28
GC,V27,2027-10-27
GC,X27,2027-11-26
GC,Z27,2027-12-29
GC,F28,2028-01-27
GC,G28,2028-02-25
GC,H28,2028-03-29
GC,J28,2028-04-26
GC,K28,2028-05-26
GC,M28,2028-06-28
GC,N28,2028-07-27
GC,Q28,2028-08-29
GC,U28,2028-09-27
GC,V28,2028-10-27
GC,Z28,2028-12-27
GC,M29,2029-06-27
GC,Z29,2029-12-27
GC,M30,2030-06-26
GC,Z30,2030-12-27
GC,M31,2031-06-26
GC,Z31,2031-12-29
GC,M32,2032-06-28
HG,Q26,2026-08-27
HG,U26,2026-09-28
HG,V26,2026-10-28
HG,X26,2026-11-25
HG,Z26,2026-12-29
HG,F27,2027-01-27
HG,G27,2027-02-24
HG,H27,2027-03-29
HG,J27,2027-04-28
HG,K27,2027-05-26
HG,M27,2027-06-28
HG,N27,2027-07-28
HG,Q27,2027-08-27
HG,U27,2027-09-28
HG,V27,2027-10-27
HG,X27,2027-11-26
HG,Z27,2027-12-29
HG,F28,2028-01-27
HG,G28,2028-02-25
HG,H28,2028-03-29
HG,J28,2028-04-26
HG,K28,2028-05-26
HG,M28,2028-06-28
HG,N28,2028-07-27
HG,Q28,2028-08-29
HG,U28,2028-09-27
HG,V28,2028-10-27
HG,X28,2028-11-28
HG,Z28,2028-12-27
HG,F29,2029-01-29
HG,G29,2029-02-26
HG,H29,2029-03-27
HG,J29,2029-04-26
HG,K29,2029-05-29
HG,M29,2029-06-27
HG,N29,2029-07-27
HG,Q29,2029-08-29
HG,U29,2029-09-26
HG,Z29,2029-12-27
HG,H30,2030-03-27
HG,K30,2030-05-29
HG,N30,2030-07-29
HG,U30,2030-09-26
HG,Z30,2030-12-27
HG,H31,2031-03-27
HG,K31,2031-05-28
HG,N31,2031-07-29
HG,U31,2031-09-26
HO,U26,2026-08-28
HO,V26,2026-09-29
HO,X26,2026-10-29
HO,Z26,2026-11-27
HO,F27,2026-12-30
HO,G27,2027-01-28
HO,H27,2027-02-25
HO,J27,2027-03-30
HO,K27,2027-04-29
HO,M27,2027-05-27
HO,N27,2027-06-29
HO,Q27,2027-07-29
HO,U27,2027-08-30
HO,V27,2027-09-29
HO,X27,2027-10-28
HO,Z27,2027-11-29
HO,F28,2027-12-30
HO,G28,2028-01-28
HO,H28,2028-02-28
HO,J28,2028-03-30
HO,K28,2028-04-27
HO,M28,2028-05-30
HO,N28,2028-06-29
HO,Q28,2028-07-28
HO,U28,2028-08-30
HO,V28,2028-09-28
HO,X28,2028-10-30
HO,Z28,2028-11-29
HO,F29,2028-12-28
HO,G29,2029-01-30
HO,H29,2029-02-27
HO,J29,2029-03-28
HO,K29,2029-04-27
HO,M29,2029-05-30
HO,N29,2029-06-28
HO,Q29,2029-07-30
HO,U29,2029-08-30
HO,V29,2029-09-27
HO,X29,2029-10-30
HO,Z29,2029-11-29
HO,F30,2029-12-28
NG,U26,2026-08-27
NG,V26,2026-09-28
NG,X26,2026-10-28
NG,Z26,2026-11-25
NG,F27,2026-12-29
NG,G27,2027-01-27
NG,H27,2027-02-24
NG,J27,2027-03-29
NG,K27,2027-04-28
NG,M27,2027-05-26
NG,N27,2027-06-28
NG,Q27,2027-07-28
NG,U27,2027-08-27
NG,V27,2027-09-28
NG,X27,2027-10-27
NG,Z27,2027-11-26
NG,F28,2027-12-29
NG,G28,2028-01-27
NG,H28,2028-02-25
NG,J28,2028-03-29
NG,K28,2028-04-26
NG,M28,2028-05-26
NG,N28,2028-06-28
NG,Q28,2028-07-27
NG,U28,2028-08-29
NG,V28,2028-09-27
NG,X28,2028-10-27
NG,Z28,2028-11-28
NG,F29,2028-12-27
NG,G29,2029-01-29
NG,H29,2029-02-26
NG,J29,2029-03-27
NG,K29,2029-04-26
NG,M29,2029-05-29
NG,N29,2029-06-27
NG,Q29,2029-07-27
NG,U29,2029-08-29
NG,V29,2029-09-26
NG,X29,2029-10-29
NG,Z29,2029-11-28
NG,F30,2029-12-27
NG,G30,2030-01-29
NG,H30,2030-02-26
NG,J30,2030-03-27
NG,K30,2030-04-26
NG,M30,2030-05-29
NG,N30,2030-06-26
NG,Q30,2030-07-29
NG,U30,2030-08-28
NG,V30,2030-09-26
NG,X30,2030-10-29
NG,Z30,2030-11-26
NG,F31,2030-12-27
NG,G31,2031-01-29
NG,H31,2031-02-26
NG,J31,2031-03-27
NG,K31,2031-04-28
NG,M31,2031-05-28
NG,N31,2031-06-26
NG,Q31,2031-07-29
NG,U31,2031-08-27
NG,V31,2031-09-26
NG,X31,2031-10-29
NG,Z31,2031-11-25
NG,F32,2031-12-29
NG,G32,2032-01-28
NG,H32,2032-02-25
NG,J32,2032-03-29
NG,K32,2032-04-28
NG,M32,2032-05-26
NG,N32,2032-06-28
NG,Q32,2032-07-28
NG,U32,2032-08-27
NG,V32,2032-09-28
NG,X32,2032-10-27
NG,Z32,2032-11-26
NG,F33,2032-12-29
NG,G33,2033-01-27
NG,H33,2033-02-24
NG,J33,2033-03-29
NG,K33,2033-04-27
NG,M33,2033-05-26
NG,N33,2033-06-28
NG,Q33,2033-07-27
NG,U33,2033-08-29
NG,V33,2033-09-28
NG,X33,2033-10-27
NG,Z33,2033-11-28
NG,F34,2033-12-28
NG,G34,2034-01-27
NG,H34,2034-02-24
NG,J34,2034-03-29
NG,K34,2034-04-26
NG,M34,2034-05-26
NG,N34,2034-06-28
NG,Q34,2034-07-27
NG,U34,2034-08-29
NG,V34,2034-09-27
NG,X34,2034-10-27
NG,Z34,2034-11-28
NG,F35,2034-12-27
NG,G35,2035-01-29
NG,H35,2035-02-26
NG,J35,2035-03-28
NG,K35,2035-04-26
NG,M35,2035-05-29
NG,N35,2035-06-27
NG,Q35,2035-07-27
NG,U35,2035-08-29
NG,V35,2035-09-26
NG,X35,2035-10-29
NG,Z35,2035-11-28
NG,F36,2035-12-27
NG,G36,2036-01-29
NG,H36,2036-02-27
NG,J36,2036-03-27
NG,K36,2036-04-28
NG,M36,2036-05-28
NG,N36,2036-06-26
NG,Q36,2036-07-29
NG,U36,2036-08-27
NG,V36,2036-09-26
NG,X36,2036-10-29
NG,Z36,2036-11-25
NG,F37,2036-12-29
NG,G37,2037-01-28
NG,H37,2037-02-25
NG,J37,2037-03-27
NG,K37,2037-04-28
NG,M37,2037-05-27
NG,N37,2037-06-26
NG,Q37,2037-07-29
NG,U37,2037-08-27
NG,V37,2037-09-28
NG,X37,2037-10-28
NG,Z37,2037-11-25
NG,F38,2037-12-29
NG,G38,2038-01-27
NG,H38,2038-02-24
NG,J38,2038-03-29
NG,K38,2038-04-28
NG,M38,2038-05-26
NG,N38,2038-06-28
NG,Q38,2038-07-28
NG,U38,2038-08-27
NG,V38,2038-09-28
NG,X38,2038-10-27
NG,Z38,2038-11-26
RB,U26,2026-08-31
RB,V26,2026-09-30
RB,X26,2026-10-30
RB,Z26,2026-11-30
RB,F27,2026-12-31
RB,G27,2027-01-29
RB,H27,2027-02-26
RB,J27,2027-03-31
RB,K27,2027-04-30
RB,M27,2027-05-28
RB,N27,2027-06-30
RB,Q27,2027-07-30
RB,U27,2027-08-31
RB,V27,2027-09-30
RB,X27,2027-10-29
RB,Z27,2027-11-30
RB,F28,2027-12-31
RB,G28,2028-01-31
RB,H28,2028-02-29
RB,J28,2028-03-31
RB,K28,2028-04-28
RB,M28,2028-05-31
RB,N28,2028-06-30
RB,Q28,2028-07-31
RB,U28,2028-08-31
RB,V28,2028-09-29
RB,X28,2028-10-31
RB,Z28,2028-11-30
RB,F29,2028-12-29
RB,G29,2029-01-31
RB,H29,2029-02-28
RB,J29,2029-03-29
RB,K29,2029-04-30
RB,M29,2029-05-31
RB,N29,2029-06-29
RB,Q29,2029-07-31
RB,U29,2029-08-31
RB,V29,2029-09-28
RB,X29,2029-10-31
RB,Z29,2029-11-30
RB,F30,2029-12-31
SI,Q26,2026-08-27
SI,U26,2026-09-28
SI,V26,2026-10-28
SI,X26,2026-11-25
SI,Z26,2026-12-29
SI,F27,2027-01-27
SI,G27,2027-02-24
SI,H27,2027-03-29
SI,J27,2027-04-28
SI,K27,2027-05-26
SI,M27,2027-06-28
SI,N27,2027-07-28
SI,Q27,2027-08-27
SI,U27,2027-09-28
SI,V27,2027-10-27
SI,X27,2027-11-26
SI,Z27,2027-12-29
SI,F28,2028-01-27
SI,G28,2028-02-25
SI,H28,2028-03-29
SI,J28,2028-04-26
SI,K28,2028-05-26
SI,M28,2028-06-28
SI,N28,2028-07-27
SI,Q28,2028-08-29
SI,U28,2028-09-27
SI,V28,2028-10-27
SI,Z28,2028-12-27
SI,N29,2029-07-27
SI,Z29,2029-12-27
SI,N30,2030-07-29
SI,Z30,2030-12-27
SI,N31,2031-07-29
